"# SAMPLE FILE FOR INTEGER TYPE",,,,,,,
"# First column starts with # will comment out the entire row.",,,,,,,
"# Please make sure to enter a value/string for all columns marked as REQUIRED in the header",,,,,,,
"# In the examples below, SAMPLE-1a cannot be loaded because there are 2 defaults set for a single choice type. ",,,,,,,
"# SAMPLE-1b cannot be loaded because [In Law 15] is not defined in the database;",,,,,,,
" SAMPLE-2b cannot be loaded because we need at least 2 sets of choices, empty label field will terminate the row",,,,,,,
"# The row below is the header, if you have more than 2 choices, please repeat each additional choice by appending columns in the same order as choice 1",,,,,,,
"# Name","indicator question - REQUIRED","Reference - REQUIRED","Tip - Optional","Min Value - REQUIRED","Max - REQUIRED","CRITERIA - REQUIRED","DEFAULT Value - Optional"
"SAMPLE-INT-1a","In law, citizens have a right to form civil society organizations (CSOs) focused on anti-corruption or good governance.","IN LAW 1",,100,500,"criteria #1",
"SAMPLE-INT-1b","In law, anti-corruption/good governance CSOs are free to accept funding from any foreign or domestic sources.","IN LAW 2",,500,23,,0
"SAMPLE-INT-1c","WILL NOT LOADED. Reference not in db, min is not number","IN LAW 15","Such funding disclosures should be publicly accessible in some way and not simply disclosed only to the government.","Not sure",50,"I don't know the answer",30
"#2","Are good governance/anti-corruption CSOs able to operate freely?",,,1,,,
"SAMPLE-INT-2a","In practice, the government does not create barriers to the organization of new anti-corruption/good governance CSOs.","IN PRACTICE","In your comments, please provide both general statements on the environment within which CSOs operate as well as references to challenges facing specific CSOs.",30,30,"not sure how to answer",
"SAMPLE-INT-2b","In practice, anti-corruption/good governance CSOs actively engage in the political and policymaking process.","IN PRACTICE","Please provide comments on specific CSOs that have been successful or unsuccessful in their political outreach.",-100,1000,"this criteria",300
