# A1,indicator question - REQUIRED,Reference - REQUIRED,Tip - Optional,Choice 1 LABEL - REQUIRED,Choice 1 SCORE - REQUIRED,Choice 1  CRITERIA - REQUIRED,Choice 1 DEFAULT - REQUIRED,Choice 2 LABEL,Choice 2 SCORE,Choice 2 CRITERIA,Choice 2 Default,Choice 3 LABEL,Choice 3 SCORE,Choice 3 CRITERIA,Choice 3 DEFAULT,,,,,,Choice 5 SCORE,Choice 5 CRITERIA,Choice 5 DEFAULT
# 1-9,"# Leadership, Governance, and Organisation",,,,,,,,,,,,,,,,,,,,,,
# 1-4,# Leadership and Commitment,,,,,,,,,,,,,,,,,,,,,,
TIDSP.Leadership.A1,Does the company publish a statement from the Chief Executive Officer or the Chair of the Board supporting the anti-corruption principles of the company?,TI-DSP ,"The assessor is looking for evidence of the strength of the companys external commitment to its anti-corruption principles through public statements from its leadership as opposed to, for example, internally published, non-public statements.",2,2,The CEO / chairperson issues a statement supporting its strong stance against corruption.,NO,0,0,"There is no apparent support other than minor statements, for example a preface to the introduction to the Code of Ethics. ",NO,,,,,,,,,,,,
TIDSP.Leadership.A2,"Does the companys Chief Executive Officer or the Chair of the Board demonstrate a strong personal, external facing commitment to the anti-corruption principles of the company?",TI-DSP,"The assessor is looking for evidence of the level of personal commitment of the companys leadership to its anti-corruption principles through, for example, public engagement, engagement with trade associations and / or chambers of commerce, personal involvement with industry anti-corruption initiatives, etc.",2,2,The CEO / chairperson shows an active external engagement in anti-corruption matters.,NO,1,1,There is evidence of such engagement though this is either delegated or only occasional,NO,0,0,There is little to no engagement apparent.,NO,,,,,,,,
TIDSP.Leadership.A3,"Does the companys Chief Executive Officer demonstrate a strong personal, internal-facing commitment to the anti-corruption principles of the company, actively promoting the Integrity Building and Anti-Corruption (IBAC) agenda at all levels of the company structure?",TI-DSP,The assessor is looking for evidence of personal commitment of the companys leadership to ensuring its anti-corruption principles and IBAC programme are actively promoted throughout the company.,2,2,The CEO shows a personal engagement with management and staff in promoting the IBAC agenda within the company.,NO,0,0,There is little to no engagement apparent.,NO,,,,,,,,,,,,
TIDSP.Leadership.A4,"Does the company publish a statement of values or principles representing high standards of business conduct, including honesty, trust, transparency, openness, integrity?",TI-DSP,"The assessor is looking for evidence of the companys commitment to high standards of business conduct through the publication of a clear statement of such values, beyond that of compliance-based legal statements.",2,2,The company publishes such a statement that comprehensively addresses at least these aspects,NO,1,1,"The company publishes such a statement, though it fails to address some aspects that might reasonably be expected to be included.",NO,0,0,"No such statement has been found, or the company frames it using legal jargon for the purpose of compliance.",NO,,,,,,,,
# 5,# External Engagement,,,,,,,,,,,,,,,,,,,,,,
TIDSP.Leadership.A5,Does the company belong to a national or international initiative that promotes anti-corruption or business ethics with a significant focus on anti-corruption?,TI-DSP,"The assessor is looking for evidence of involvement in national and international initiatives, examples of which include: Defense Industry Initiative (DII), International Forum on Business Ethical Conduct (IFBEC), World Economic Forum Partnering Against Corruption (PACI), International Chamber of Commerce (ICC), ASD Common Industry Standards (CIS), Global Compact, etc.",2,2,The company is a member of national or international initiative(s).,NO,0,0,There is no evidence of membership of an anti-corruption or business ethics initiative.,NO,,,,,,,,,,,,
# 6-7,# Structure and Organisation,,,,,,,,,,,,,,,,,,,,,,
TIDSP.Leadership.A6,Has the company appointed a Board committee or individual Board member with overall corporate responsibility for its Integrity Building and Anti-Corruption (IBAC) policy and programme?,TI-DSP,The assessor is looking for evidence of the Boards direct responsibility to its IBAC programme rather than delegation to lower management levels of the company.,2,2,The company has appointed a Board committee or individual member with overall corporate responsibility for its IBAC policy and programme.,NO,0,0,The company has not appointed such a Board committee or individual member.,NO,,,,,,,,,,,,
TIDSP.Leadership.A7,"Has the company appointed a person at a senior level within the company to have responsibility for implementing the companys Integrity Building and Anti-Corruption (IBAC) programme, and who has a direct reporting line to the Board?",TI-DSP,"The assessor is looking for evidence of a senior person taking responsibility for implementing the IBAC programme, rather than this responsibility being delegating it to lower management levels of the company.",2,2,A senior person is responsible for implementing the IBAC programme.,NO,0,0,The company has not appointed such a senior individual member.,NO,,,,,,,,,,,,
# 8-9,# Monitoring and Reporting,,,,,,,,,,,,,,,,,,,,,,
TIDSP.Leadership.A8,Is there regular senior management monitoring and review of the performance of the companys Integrity Building and Anti-Corruption (IBAC) programme?,TI-DSP,"The assessor is looking for evidence of a formal senior review process which addressed the IBAC programme and its associated processes, including evidence that such reviews are scheduled to occur regularly (ideally annually at most).",2,2,"There is such senior management review, and it is scheduled as a regular event.",NO,1,1,There is such senior management review but this occurs with an unreasonably long periodicity (> annually) or there is a lack of formal scheduling.,NO,0,0,There is no evidence of such a review.,NO,,,,,,,,
TIDSP.Leadership.A9,Does the company review and where appropriate update its policies and practices in response to actual or alleged instances of corruption? ,TI-DSP,The assessor is looking for evidence that the company has a formal process for the review and update of its IBAC policies and processes in the light of actual or alleged instances of corruption.  The assessor will look for any examples that can be provided of such review and its outcome.  ,2,2,The company has a formal process for such review and update,NO,1,1,The company undertakes review and update but it occurs on an informal basis,NO,0,0,There is no evidence of such a review.,NO,,,,,,,,
# 10-14,# Risk Management,,,,,,,,,,,,,,,,,,,,,,
# 10,# Risk Assessment,,,,,,,,,,,,,,,,,,,,,,
TIDSP.RiskManagement.A10,"Does the company have a formal anti-corruption risk assessment procedure for assessing business decisions, with clear requirements on the circumstances under which such a procedure should be applied? ",TI-DSP,"The assessor is looking for evidence that such a procedure exists and is documented, and that the company follows this procedure.  Not all business decisions will require such an assessment, hence the need to specify the circumstances under which the procedure will be applied.",2,2,The company has such a formal procedure. ,NO,1,1,"The company has such a procedure but this falls short of the score 2 benchmark in some regard, in particular with respect to uncertainty as to how it should be applied or who authorises a business decision so assessed",NO,0,0,"There is no evidence that the company has such a procedure, or the procedure is so weak as to be ineffective, for example being informal with no criteria on application or sign-off.",NO,,,,,,,,
# 11-14,# Partners and Agents,,,,,,,,,,,,,,,,,,,,,,
TIDSP.RiskManagement.A11,Does the company conduct due diligence that guards against corruption risk when selecting its agents?,TI-DSP,"The assessor is looking for evidence that due diligence has been conducted on all its current agents and is conducted as a matter of policy on all new agents.  Agents are the agents, advisors or other third party intermediaries authorised to act for or on behalf of the company to further its business interests.",2,2,The company has formal procedures in place.,NO,0,0,There is no evidence of such a procedure or its provision is so weak as to be ineffective.,NO,,,,,,,,,,,,
TIDSP.RiskManagement.A12,"Does the company have contractual arrangements and processes for the monitoring, control and audit of agents with respect to corruption? ",TI-DSP,"The assessor is looking for evidence that the company has insight into the agents activities with regard to potential corrupt activities and has in place the contractual means and formal processes to deal with the occurrence of any such potential activities, through correction or termination / disclosure to regulatory authorities.",2,2,"The company has formal procedures in place, such as audits through an independent assessor, and termination of contract if corrupt activities are found.",NO,1,1,"The company has a policy, but falls short of the score 2 benchmark in some way. ",NO,0,0,There is no evidence of such a procedure or its provision is so weak as to be ineffective.,NO,,,,,,,,
TIDSP.RiskManagement.A13,"Does the company make clear to contractors, sub-contractors and suppliers, through policy and contractual terms, its stance on bribery and corruption and the consequences of breaches to this stance?",TI-DSP,The assessor is looking for evidence that the company passes it IBAC values down the supply chain and makes clear the consequences of any breaches in its IBAC policies.  The assessor will look for any examples that can be provided as to where such a policy has been applied.,2,2,The company makes clear its stance on corrupt practices and the consequences of breaches to this stance through policy and contractual terms.,NO,1,1,"The company has such a policy and contractual terms but applies them only to certain parts of the upstream supply chain, e.g., to suppliers but not sub-contractors. ",NO,0,0,There is no evidence that company has or applies such policies or contractual terms.,NO,,,,,,,,
TIDSP.RiskManagement.A14,"Does the company make clear to resellers and distributors, through policy and contractual terms, its stance on bribery and corruption and the consequences of breaches to this stance?",TI-DSP,"The assessor is looking for evidence that the company passes it IBAC values to its resellers and distributors, making clear the consequences of any breaches in its IBAC policies.  The assessor will look for any examples that can be provided as to where such a policy has been applied. Resellers and distributors refers to independent organisations contracted as distribution and sales outlets for a company. ",2,2,The company makes clear its stance on corrupt practices and the consequences of breaches to this stance through policy and contractual terms.,NO,1,1,"The company has such a policy and contractual terms but applies them only to certain parts of the downstream supply chain, e.g., to resellers but not distributors. ",NO,0,0,There is no evidence that the company has or applies such policies or contractual terms.,NO,,,,,,,,
#15-25,# Company Policy and Codes,,,,,,,,,,,,,,,,,,,,,,
# 15-20,# Policies,,,,,,,,,,,,,,,,,,,,,,
TIDSP.PolicyCodes.A15,Does the company publish a policy making clear its commitment to anti-corruption?   ,TI-DSP,"The assessor is looking for evidence that the company publishes a comprehensive anti-corruption (IBAC) policy. For example, does the company have a thorough and clear stance prohibiting all corruption together with proper staff guidance? Does the companys Business Code of Conduct  contain a strong stance on corruption by covering corruption in all its forms, such as prohibiting bribery, kickbacks, facilitation payments, undue influence, etc.? It is noted and accepted that the IBAC policy may be situated within a wider company policy or exist as a separate policy or policies.  ",2,2,The company has a policy that makes clear its stance on corruption in all its forms and provides proper guidance to staff.,NO,1,1,The company has a policy on corruption but is either not a clear statement or is not explicit on all the forms that such corruption might take. ,NO,0,0,"There is no evidence that the company has an IBAC policy, or it is so vague as to be ineffective.",NO,,,,,,,,
TIDSP.PolicyCodes.A16,Is the anti-corruption policy explicitly one of zero tolerance? ,TI-DSP,,2,2,The company has a zero tolerance policy.,NO,0,0,There is no evidence that the company has a zero tolerance policy.,NO,,,,,,,,,,,,
TIDSP.PolicyCodes.A17,"Is the companys Integrity Building and Anti-Corruption (IBAC) Policy easily accessible to employees, contracted staff and any other organisations acting with or on behalf of the company?",TI-DSP,"The assessor is looking for evidence of easy availability to any person requiring access (ideally publicly available and on an intranet site) and of a clearly written, easily understandable document for all employees (i.e. not couched in dense, legal terms).",2,2,"The policy is easily available and written in accessible, comprehensible language, and the respondent has scored 2 for question A15.",NO,1,1,"The companys policy falls short in some way of score 2 by either not being easily available or comprehensible, or solely approaching the policy from a compliance issue so that it is not easily understood by a non-legal audience. Alternatively, the policy is easily available and written in accessible, comprehensible language, but the respondent has scored only 1 for question A15.",NO,0,0,There is no evidence that the company has an anti-corruption policy.,NO,,,,,,,,
TIDSP.PolicyCodes.A18,Does the anti-corruption policy explicitly apply to all employees?,TI-DSP,"If the company has only achieved a score of 1 in A15, the maximum score they can receive here is 1.",2,2,The policy is clear and applies to all employees and the respondent has scored 2 for question A15.,NO,1,1,"The policy is clear and applies to all employees, though the score to question A15 is only 1.",NO,0,0,There is no evidence that the AC policy applies to all employees.,NO,,,,,,,,
TIDSP.PolicyCodes.A19,Does the anti-corruption policy apply to all senior managers and board members?,TI-DSP,,2,2,The policy is clear and explicitly applies to senior managers and board members AND the respondent has scored 2 for question A15,NO,1,1,"The policy is clear and explicitly applies to senior managers and board members, BUT the score to question A15 is only 1.",NO,0,0,There is no evidence that the AC policy applies to all senior managers and board members.,NO,,,,,,,,
TIDSP.PolicyCodes.A20,"Does the company have a policy on potential conflicts of interest, and does it apply to both employees and board members?",TI-DSP,"A conflict of interest may be the underlying cause of, or might lead to, corrupt behaviours.  The assessor is looking for evidence of a clearly worded policy on potential conflicts of interest, including a definition of conflict of interest and where such a policy might apply (ideally illustrated by examples).",2,2,The company has a policy for and examples of potential conflicts of interest.,NO,1,1,"The companys policy falls short in some way of score two, such as vague wording or not clearly defining a conflict of interest.",NO,0,0,There is no evidence that the company has or applies such policies.,NO,,,,,,,,
# 21-22,# Gifts and Hospitality,,,,,,,,,,,,,,,,,,,,,,
TIDSP.PolicyCodes.A21,Does the companys anti-corruption policy include a statement on the giving and receipt of gifts that ensures that such transactions are not corrupt?,TI-DSP,"The assessor is looking for evidence that the giving and receipt of gifts is controlled so as to ensure that such transactions are not corrupt.  This might be through setting clear upper limits on the acceptable value of a gift, stating the nature of a gift that cannot be given or received under any circumstances (e.g. cash) and / or the requirement for senior management authorisation if a value threshold is exceeded.",2,2,There is such a policy ,NO,1,1,There is such a policy but doesnt set clear upper limits or a specific threshold necessary for senior authorisation,NO,0,0,There is no evidence of such a policy.,NO,,,,,,,,
TIDSP.PolicyCodes.A22,Does the companys anti-corruption policy include a statement on the giving and receipt of hospitality that ensures that such transactions are not corrupt?,TI-DSP,"The assessor is looking for evidence that the giving and receipt of hospitality is controlled so as to ensure that such transactions are not corrupt.  This might be through setting clear upper limits on the acceptable value of hospitality, stating the nature of hospitality that cannot be given or received under any circumstances (e.g. night clubs) and / or the requirement for senior management authorisation if a value threshold is exceeded.",2,2,There is such a policy ,NO,1,1,There is such a policy but doesnt set clear upper limits or a specific threshold necessary for senior authorisation ,NO,0,0,There is no evidence of such a policy.,NO,,,,,,,,
# 23,# Faciliation Payments,,,,,,,,,,,,,,,,,,,,,,
TIDSP.PolicyCodes.A23,Does the company have a clear policy prohibiting facilitation payments? ,TI-DSP,"The assessor is looking for evidence that facilitation payments are prohibited. In our view, facilitation payments in extremis (i.e. personal danger of major health risk) are in fact extortion and are excluded from this question. ",2,2,The policy is clear and prohibits facilitation payments. ,NO,1,1,"The company has a policy but under certain circumstances when they are allowed, they are recorded and publically declared. ",NO,0,0,No policy regulating facilitation payments exists.,NO,,,,,,,,
# 24-25,# Political and Charitable Contributions,,,,,,,,,,,,,,,,,,,,,,
TIDSP.PolicyCodes.A24,"Does the company prohibit political or charitable contributions, or regulate such contributions in order to prevent undue influence or other corrupt intent?  ",TI-DSP,"The assessor is looking for evidence that the company has a policy that sufficiently regulates political and charitable contributions so as to ensure that such transactions are not corrupt.  This might be through prohibiting the company from giving political or charitable contributions, or when the company does give donations, it records them and makes them publically available. ",2,2,The company prohibits or regulates such contributions. ,NO,0,0,There is no evidence that such contributions are prohibited or effectively regulated.,NO,,,,,,,,,,,,
TIDSP.PolicyCodes.A25,"Does the company have a clear policy on engagement in lobbying activities, in order to prevent undue influence or other corrupt intent?",TI-DSP,"The assessor is looking for evidence that the company has a policy that sufficiently regulates political and charitable contributions so as to ensure that such transactions are not corrupt.  This might be through prohibiting the company from giving political or charitable contributions, or when the company does give donations, it records them and makes them publically available. ",2,2,Such a clear policy exists. ,NO,0,0,No such policy exists,NO,,,,,,,,,,,,
#26-30,Training,,,,,,,,,,,,,,,,,,,,,,
# 26-28,# General Training,,,,,,,,,,,,,,,,,,,,,,
TIDSP.Training.A26,Does the company provide written guidance to help employees understand and implement the Integrity Building and Anti-Corruption (IBAC) Policy?,TI-DSP,"The assessor is looking for evidence that the IBAC policy is fully explained to employees through the use of written guidance.  This would be expected to contain examples to illustrate particular situations, for example in the form of scenarios or case studies.  The guidance should ensure an unambiguous understanding of the policy, with any areas of uncertainty in meaning or application fully explained.  ",2,2,Employees have access to such written guidance that is both unambiguous and suitably illustrated. ,NO,1,1,"Employees have access to written guidance but this falls short of score 2 in some regard, for example a lack of scenarios or illustration. ",NO,0,0,There is no evidence of such written guidance.,NO,,,,,,,,
TIDSP.Training.A27,Does the company have a training programme that explicitly covers anti-corruption? ,TI-DSP,"Oftentimes, anti-corruption training is contained within a larger corporate compliance or Code of Ethics training. The assessor is looking for evidence that anti-corruption training is explicitly addressed as a separate training programme or a module that is part of a larger ethics training programme.",2,2,The company has an explicit IBAC training programme. ,NO,1,1,The company has a training programme on its Code of Ethics (which includes an IBAC policy) but it is not clear if there is a specific IBAC training module.,NO,0,0,No such training exists.,NO,,,,,,,,
TIDSP.Training.A28,Is anti-corruption and IBAC training provided in all countries where the company operates or has company sites?,TI-DSP,,2,2,Training is provided in all relevant countries,NO,1,1,Training is provided in the principal countries of operation.,NO,0,0,Training is poorly represented across the relevant countries.,NO,,,,,,,,
# 29-30,# Specialist Training,,,,,,,,,,,,,,,,,,,,,,
TIDSP.Training.A29,Does the company provide targeted IBAC training to senior managers and members of the Board?,TI-DSP,Senior managers and Board members a) have particular responsibilities towards the IBAC programmes implementation and b) may face situations of potential corruption unique to their company roles.  The assessor is looking for evidence that the company recognises this and provides appropriate targeted training.,2,2,The company provides targeted anti-corruption training to senior managers and members of the Board.,NO,0,0,There is no evidence of such training.,NO,,,,,,,,,,,,
TIDSP.Training.A30,Does the company provide different levels of anti-corruption training for employees in sensitive positions?,TI-DSP,"The assessor is looking for evidence that the company has assessed the training needs of employees in sensitive positions and provides tailored anti-corruption training.  Sensitive positions are those that will expose an employee to potentially corrupt situations at a greater frequency than other staff and / or to more specific forms of corruption.  Such positions might include marketing, government relations, contracting, in-country project management, sales, etc.",2,2,The company has an anti-corruption training programme that comprises different levels of training for employees facing different levels of risk.,NO,1,1,The company has a varied anti-corruption training programme but is either not comprehensive or not targeted at all high risk positions.,NO,0,0,There is no evidence of such training being delivered. ,NO,,,,,,,,
#31-34,Personnel and Helplines,,,,,,,,,,,,,,,,,,,,,,
# 31-32,# Personnel and Discipline,,,,,,,,,,,,,,,,,,,,,,
TIDSP.PersonnelandHelplines.A31,Does the company have a clear and formal process by which employees can declare conflicts of interest?,TI-DSP,,2,2,The company has a clear and formal process for employees to declare conflicts of interest.,NO,0,0,No effective process exists,NO,,,,,,,,,,,,
TIDSP.PersonnelandHelplines.A32,Is the company explicit in its commitment to apply disciplinary procedures to employees found to have engaged in corrupt activities?,TI-DSP,,2,2,The company clearly states that it will apply disciplinary procedures to employees who have violated the Code or its IBAC policy.,NO,0,0,There is no policy,NO,,,,,,,,,,,,
# 33-35,# Helplines and Whistleblowers,,,,,,,,,,,,,,,,,,,,,,
TIDSP.PersonnelandHelplines.A33,Does the company have well-publicised communication channels through which any employee can report suspected instances of corrupt activities?,TI-DSP,,2,2,Employees have access to at least one well publicised communication channel in order to report any suspected instances of corrupt activities.,NO,0,0,There is no evidence of such communication channels.,NO,,,,,,,,,,,,
TIDSP.PersonnelandHelplines.A34,Does the company have well-publicised resources available to all employees where help and advice can be sought on corruption-related issues? ,TI-DSP,"The assessor is looking for evidence of such resources, for example in the form of trained supervisors, trained ethics officers, telephone helplines, on-line facilities, etc., and that these resources provide good quality advice (well trained advisors, comprehensive on-line facilities, etc)",2,2,"Employees have access to resources such as trained supervisors, advisers, helplines, and on-line facilities, to provide them with guidance on the IBAC policy. ",NO,1,1,"Resources exist but they are very limited in nature, e.g. few examples, or a policy to talk to supervisor but little evidence that he / she is trained for the advisory job",NO,0,0,There is no evidence of such resources.,NO,,,,,,,,
TIDSP.PersonnelandHelplines.A35,Is there a commitment to no retaliation for bona fide reporting of corruption?,TI-DSP,"The assessor is looking a) for evidence that this commitment is clearly stated, b) this procedure is followed, and c) that employees who breach this commitment will be disciplined.",2,2,The company has a clear no retaliationpolicy for bona fide reporting of corruption. ,NO,0,0,No such policy exists.,NO,,,,,,,,,,,,