# B1,indicator question - REQUIRED,Reference - REQUIRED,Tip - Optional,Choice 1 LABEL - REQUIRED,Choice 1 SCORE - REQUIRED,Choice 1  CRITERIA - REQUIRED,Choice 1 DEFAULT - REQUIRED,Choice 2 LABEL,Choice 2 SCORE,Choice 2 CRITERIA,Choice 2 Default,Choice 3 LABEL,Choice 3 SCORE,Choice 3 CRITERIA,Choice 3 DEFAULT,Choice 4 LABEL ,Choice 4 SCORE,Choice 4 CRITERIA,Choice 4 DEFAULT,Choice 5 LABLE ,Choice 5 SCORE,Choice 5 CRITERIA,Choice 5 DEFAULT
# 1-13,"# Leadership, Governance, and Organisation",,,,,,,,,,,,,,,,,,,,,,
# 1,# External Engagement,,,,,,,,,,,,,,,,,,,,,,
TIDSP.Leadership.B1,Does the company participate in local voluntary anti-corruption initiatives?,TI-DSP,"The assessor is looking for evidence of involvement in local anti-corruption initiatives, examples of which include local chambers of commerce, trade associations, or national working groups, etc.",2,2,The company is a member of a local anti-corruption initiative.,NO,0,0,There is no evidence of membership of local anti-corruption or business ethics initiatives.,NO,,,,,No score,No score,,YES,,,,
# 2-6,# Structure and Organisation,,,,,,,,,,,,,,,,,,,,,,
TIDSP.Leadership.B2,"Does the company have a formal governance structure for the implementation, control and monitoring of the Integrity Building and Anti-Corruption (IBAC) Programme?",TI-DSP,"The assessor is looking for evidence of the means by which the Board or its delegated authority formally governs the IBAC programme, in particular ensuring its correct and timely implementation, monitoring its effectiveness and adapting the programme as internal and external circumstances demand.",2,2,The company has a formal governance structure.,NO,0,0,There is no evidence of such a structure.,NO,,,,,No score,No score,,YES,,,,
TIDSP.Leadership.B3,"Does the company have a formal organisation that manages and oversees its Integrity Building and Anti-Corruption (IBAC) Programme, and that covers the companys business units and associated sites?",TI-DSP,"The assessor is looking for evidence of a formal organisation that includes staff tasked with implementing the IBAC programme with clear terms of reference and clear reporting lines. The term business unit refers here to parts of the business that are managed by dedicated executive teams, that are formally a part of the business and that make up the overall structure of the company. These might also be referred to as divisions or subsidiaries.",2,2,"The company has such a formal organisation.  It is fully populated, its terms of reference are stated and its reporting lines are clear. It covers the companys business units and associated sites.",NO,1,1,"The company has such a formal organisation though this falls short of the Score 2 benchmark in some regard, for example being under-populated for some time, unclear terms of reference / reporting lines, does not cover the totality of the company.",NO,0,0,"There is no evidence of such an organisation, or the organisation is too weak to be effective, for example existing informally and / or having no effective terms of reference or reporting lines.",NO,No score,No score,,YES,,,,
TIDSP.Leadership.B4,"Are the companys Integrity Building and Anti-Corruption (IBAC) programme and measures (including governance, policies, and procedures) flowed down the business structure, including all business units that make up the totality of the company?",TI-DSP,"The assessor is looking for evidence that all levels of the companys management and staff participate in the IBAC programme, with managers / supervisors at each and every level taking IBAC responsibilities for their business areas and staff.",2,2,The programme and measures are flowed down throughout the totality of the company.,NO,1,1,"The programme and measures are flowed down to the major business units, though this falls short of representing the total company.",NO,0,0,There is no evidence of such any such flow-down.,NO,No score,No score,,YES,,,,
TIDSP.Leadership.B5,Does the company have a senior person within each business unit who takes overall responsibility for the companys Integrity Building and Anti-Corruption (IBAC) policy and programme at that business unit?,TI-DSP,"The assessor is looking for evidence that a senior person at each of the companys business units, for example the business units General Manager or someone reporting directly to the General Manager, is responsible for ensuring that the companys IBAC policy and programmes are properly implemented at that business unit.",2,2,Such a person who is responsible for these activities is located at every business unit.,NO,1,1,The company has such persons responsible but falls short in providing for each business unit.,NO,0,0,There is no evidence of such any such person.,NO,No score,No score,,YES,,,,
TIDSP.Leadership.B6,"Does the company have officers responsible for implementing, monitoring and advising on the companys Integrity Building and Anti-Corruption (IBAC) Policy and Programme at each of its geographical locations, with enough resource and time allocation to properly undertake the task? ",TI-DSP,"The assessor is looking for evidence that the company assigns specific staff (officers) at each company site to implement, monitor and advise on the IBAC programme and policies.  The assessor is also looking for evidence that the officers have sufficient resource and time allocation to carry out these tasks effectively.  Some companies refer to such officers as ethics officers or ethics co-ordinators. Company site refers to the individual geographical locations from which the company operates.  ",2,2,"Such officers are located at every site, with appropriate resource  / time allocation to undertake the task (e.g., full time posts for large sites, part time for small sites, travel budgets, etc)",NO,1,1,"Such officers exist but this fall short of the benchmark score 2 in some regard, e.g., part time at a major site, multiple site allocation but no travel budget, etc.",NO,0,0,"There is no evidence of such officers, or their distribution is so weak as to be ineffective.",NO,No score,No score,,YES,,,,
# 7-12,# Monitoring and Reporting,,,,,,,,,,,,,,,,,,,,,,
TIDSP.Leadership.B7,Are allegations of improper action analysed to determine if there is a systematic problem within the company?  ,TI-DSP,The assessor is looking for evidence that all allegations of corruption or similar improper behaviour are analysed to establish whether this is a systematic problem requiring attitudinal or process change.  The assessor will look for any examples of such analysis and its outcome (but not of the details of corruption cases).  ,2,2,There is strong evidence that all such allegations are so analysed and this is supported through examples.,NO,0,0,There is no evidence that such analysis takes place.,NO,,,,,No score,No score,,YES,,,,
TIDSP.Leadership.B8,Does the company benchmark its reports of corruption with peer organisations or other independent reports?  ,TI-DSP,The assessor is looking for evidence of such benchmarking either with other defence companies or against independent company reports. These reports may be made on a yearly basis to compare how the company is doing relative to its peers.,2,2,There is good evidence that the company benchmarks against peer organisation or independent reports on a regular basis.,NO,1,1,The company has benchmarked against peer organisation or independent reports but this has been on an irregular basis.,NO,0,0,There is no evidence of such benchmarking.,NO,No score,No score,,YES,,,,
TIDSP.Leadership.B9,Are regular reports made to senior management and the board or audit committee on corruption incidences?,TI-DSP,"The assessor is looking for evidence of such regular reports, including �nil return reports where no such incidences have occurred in the reporting period.  These reports might be made on a monthly or quarterly basis and might contain, for example, allegations of improper behaviour, potential corrupt activities and investigations into suspicious activities.",2,2,"Such reports are made regularly and comprehensively- covering allegations made, actual corrupt activities detected and ongoing investigations of suspicious activities.",NO,1,1,Such reports are conducted only as needed and not in a formal manner.,NO,0,0,There is no evidence of such reports.,NO,No score,No score,,YES,,,,
TIDSP.Leadership.B10,Are metrics or key performance indicators used to assess the health of the company with respect to corruption issues?,TI-DSP,"The assessor is looking for evidence that the company measures its anti-corruption capability and IBAC programme success against metrics such as:   1. Number and nature of corruption incidents, either actual or alleged.; 2. Number of dismissals/disciplinary cases for breach of anti-corruption policies.; 3. Number or percentage of employees trained on anti-corruption policies and/or procedures. Other examples of key performance indicators are Global Reporting Initiatives KPIs which some companies use as an independent measure of the health of the company.",2,2,Such metrics are used to assess the health of the company with respect to corruption issues in a formal and regularly scheduled way.,NO,0,0,There is no evidence of such metrics.,NO,,,,,No score,No score,,YES,,,,
TIDSP.Leadership.B11,Does the company have a policy of voluntarily disclosing instances of corrupt activity to external authorities as soon as it becomes evident that a breach of regulations may have occurred? ,TI-DSP,"The assessor is looking for evidence that such a procedure exists and is documented, and that the company follows this procedure when it is required.  ",2,2,The company has a clear and formal policy stating when it should voluntarily disclose instances of corruption.,NO,0,0,The company does not have such a policy.,NO,,,,,No score,No score,,YES,,,,
TIDSP.Leadership.B12,Does the company use independent or third party assessments to assess the quality of their anti-corruption programmes?,TI-DSP,"The assessor is looking for evidence that the company uses independent outside assessors to analyse its anti-corruption programme and suggest areas of risk and improvement, and that the company follows these suggestions where appropriate.",2,2,The company uses third party assessors to assess the quality of its anti-corruption programme and uses these assessments to guide its anti-corruption programme.,NO,0,0,The company does not use such outside assessors.,NO,,,,,No score,No score,,YES,,,,
# 13,# Other comments,,,,,,,,,,,,,,,,,,,,,,
TIDSP.Leadership.B13,"Are there any additional comments that the company would like to add on its approach to leadership, governance, and organisation that has not been covered?",TI-DSP,,,,,,,,,,,,,,No score,No score,,YES,,,,
# 14-29,# Risk Management,,,,,,,,,,,,,,,,,,,,,,
# 14-16,# Risk Assessment,,,,,,,,,,,,,,,,,,,,,,
TIDSP.RiskManagement.B14,Is corruption risk one of the risks on which audit is based? ,TI-DSP,"The assessor is looking for evidence that the company considers corruption risk as a part of its wider external and internal audit processes and that this goes beyond just ‘box-ticking.’ For example, a substantive percentage of the company’s audit resources are dedicated to analysing corruption risk would serve as an indicator that the company meaningfully takes into account corruption risk.  ",2,2,"A significant percentage of audit resources is dedicated to this risk. Corruption risk is a formal part of company audit and forms a dedicated part of the audit process, with allocated resources.",NO,1,1,"It is stated that the audit addresses corruption risk, but this is not apparent from the process or audit resource allocation.",NO,0,0,The audit does not address corruption risk.,NO,No score,No score,,YES,,,,
TIDSP.RiskManagement.B15,Does the company report the results of the companys risk for corruption with the board and senior management?,TI-DSP,The assessor is looking for evidence that the company shares the results of the companys risk for corruption with the board and senior management to inform the boards strategy for the company. ,2,2,The company shares the results with the board and senior management.,NO,0,0,There is no evidence that the company shares results with the board or senior management.,NO,,,,,No score,No score,,YES,,,,
TIDSP.RiskManagement.B16,Does the company periodically audit its Integrity Building and Anti-Corruption (IBAC) Programme?,TI-DSP,"The assessor is looking for evidence as to whether the company audits its IBAC programme, for example through compliance with its own IBAC processes; the continuing relevance of these processes and any associated need for their update or redesign; the effectiveness of the IBAC programme, including its governance and organisation, etc.  The assessor is looking for evidence that the auditor has independence and that audits are scheduled on a reasonably frequent basis, every two years at most.  ",2,2,"The company audits its IBAC Programme using an independent auditor on a regularly scheduled basis, at least every two years.",NO,1,1,"The company audits its IBAC Programme but this is not part of a pre-determined schedule, is not conducted by an independent body, and / or is conducted very infrequently (more than 2 years between audits).",NO,0,0,There is no evidence that the company undertakes such an audit.,NO,No score,No score,,YES,,,,
# 17-21,# Risk Assessment,,,,,,,,,,,,,,,,,,,,,,
TIDSP.RiskManagement.B17,"As part of its due diligence, does the company require its potential business partners to declare their Integrity Building and Anti-Corruption (IBAC) processes in order to allow the company to assess risk ahead of formalising such partnerships?  ",TI-DSP,"The assessor is looking for evidence that the companys due diligence on business partnerships includes assessing the potential partners attitude and approach to anti-corruption.  Business partners includes joint ventures, special purpose entities and any other vehicles for two or more companies to operate separately from the main companies.",2,2,The company requires such a declaration,NO,0,0,The company takes no such precautions in formulating business partnerships.,NO,,,,,No score,No score,,YES,,,,
TIDSP.RiskManagement.B18,Does the company require business partners to conduct regular joint reviews of the partnerships Integrity Building and Anti-Corruption (IBAC) Policy and Programme so as to ensure consistent ethical standards?,TI-DSP,"The assessor is looking for evidence that a business partnership takes responsibility for IBAC processes and that regular joint reviews are held between the business partnership entity and the parent companies. Business partners includes joint ventures, special purpose entities and any other vehicles for two or more companies to operate separately from the main companies.",2,2,"The company has formal procedures in place, and regular reviews of the IBAC programme between the business partnerships and parent companies take place.",NO,1,1,"The company has a policy, but falls short of the score 2 benchmark in some way. ",NO,0,0,There is no evidence of such a procedure or its provision is so weak as to be ineffective.,,No score,No score,,YES,,,,
TIDSP.RiskManagement.B19,"So as to guard against corruption risk, does the company have a policy regarding the use of confidential agents and intermediaries?",TI-DSP,The assessor is looking for evidence that the company recognises the possible corruption risks associated with the use of confidential (i.e. non-transparent) agent arrangements by proscribing or strongly controlling their use.,2,2,"The company has a policy of not using such agents or, where used for competitive reasons, fully disclosing their use within the company and to the appropriate authorities of the host government.",NO,0,0,The company uses such agents but has no policy on disclosure.,NO,,,,,No score,No score,,YES,,,,
TIDSP.RiskManagement.B20,"Does the anti-corruption policy on partners and agents, and associated contractual requirements and controls, have ownership within the company?",TI-DSP,"The assessor is looking for evidence as to whether a specific function within the company takes this responsibility, for example the legal or commercial departments.",2,2,A department or individual has responsibility for the oversight and enforcement of these requirements and controls.,NO,0,0,There is no evidence that there is clear responsibility for these duties.,NO,,,,,No score,No score,,YES,,,,
TIDSP.RiskManagement.B21,Does the company use corruption risk assessments to help develop and maintain both its business approval processes and its anti-corruption processes? ,TI-DSP,"The assessor is looking for evidence that the IBAC policy addresses the corruption threats that the company actually faces, as assessed through a formal risk assessment process.   By way of example, such a risk assessment might reveal that the company does not have a current due diligence policy with respect to corruption risk in company acquisition, or its due diligence policy in offset contracting is deficient in light of the changing business profile of the company.",2,2,The company uses corruption risk assessments to develop its processes.,NO,0,0,No such evidence is found.,NO,,,,,No score,No score,,YES,,,,
# 22-23,# Other Due Diligence,,,,,,,,,,,,,,,,,,,,,,
TIDSP.RiskManagement.B22,Does the company have due diligence processes with respect to corruption risk that it carries out on potential customers?,TI-DSP,"The assessor is looking for evidence that the company considers the corruption risks associated with potential customers, and uses that risk assessment as part of the decision whether to contract with that customer.",2,2,The company carries out a formal due diligence assessment on potential customers so as to guard against corruption risk.,NO,1,1,There is evidence that the company does assess the corruption risk associated with potential customers but this is not formalised.,NO,0,0,There is no evidence that company such a policy.,NO,No score,No score,,YES,,,,
TIDSP.RiskManagement.B23,"Does the company have due diligence processes, with respect to corruption risk, that it carries out on potential mergers and acquisitions?",TI-DSP,The assessor is looking for evidence that the company includes a corruption risk assessment as part of its acquisition due diligence and that such an assessment will influence the acquisition decision (go / no go) or process (management change / staff training / etc).,2,2,The company carries out a formal due diligence assessment on potential acquisitions so as to guard against corruption risk.,NO,0,0,There is no evidence that company such a policy.,NO,,,,,No score,No score,,YES,,,,
# 24-28,# Offsets,,,,,,,,,,,,,,,,,,,,,,
TIDSP.RiskManagement.B24,Does the company explicitly address the corruption risks associated with offset contracting?,TI-DSP,"The assessor is looking for evidence that the company has processes for addressing offset contract corruption risks, for example through policies, procedures and contractual terms that increase transparency and accountability in its offset programme. These measures might include incorporating offset contracting into normal business conduct requirements, business ethics practices and into training programmes. The term offset contract here refers both direct offset and indirect offset arrangements.",2,2,"Offset contracting corruption risk is explicitly addressed in its offset policies, procedures and contractual terms. ",NO,1,1,Offset contracting corruption risk is addressed but at a more general level to that stated in the benchmark score 2.,NO,0,0,No mention of offsets being subject to any kind of standards is found.,NO,No score,No score,,YES,,,,
TIDSP.RiskManagement.B25,Does the company have due diligence processes with respect to corruption risk that it carries out on potential offset partners and brokers?,TI-DSP,The assessor is looking for evidence that the company conducts such due diligence.  Some companies may conduct the same due diligence process on its potential offset partners and brokers as it does for its suppliers and other close partners. Here “partners” refers both to the customer with whom the offset contract is negotiated and any business partnerships formed in pursuance of the offset contract.  Broker refers to independent organisations contracted to arrange offset contracts on the company behalf.,2,2,The company has a formal due diligence process that it conducts on potential offset partners and brokers. ,NO,0,0,No evidence of such a due diligence process occurs.,NO,,,,,No score,No score,,YES,,,,
TIDSP.RiskManagement.B26,Does the company systematically and publicly disclose its offset obligations and performance or make this information easily available if requested? ,TI-DSP,"The assessor is looking for evidence of public transparency of its offset contract portfolio.  Performance disclosure might take the form of financial disclosures, delivery completions and /or performance metrics.",2,2,The company regularly and systematically discloses all of its offset obligations.,NO,1,1,"The company discloses its offset obligations but this falls short of benchmark score 2 to some degree in terms of the level of detail disclosed, either in terms of limiting the number disclosed or the level of detail on each disclosure.",NO,0,0,"There is no evidence of any disclosure, or disclosure is at such a high level as to give little insight into the companys obligations.",NO,No score,No score,,YES,,,,
TIDSP.RiskManagement.B27,Does the company carry out an independent audit on the quality of performance of its offset contracts?,TI-DSP,The assessor is looking for evidence of such independent audits being conducted across each of its offset contracts to ensure that it is transparent in its dealings and not complicit in or associated with any corrupt activities.  The assessor will look for any examples that might be available.,2,2,The company provides for independent audit of all its offset contracts ,NO,1,1,The company provides for independent audit of selected offset contracts.,NO,0,0,There is no evidence of any independent audit.,NO,No score,No score,,YES,,,,
TIDSP.RiskManagement.B28,"Does the company periodically conduct a review across all of its offset contracts for possible corruption risk, with a view to adapting its offset contract procedures in the light of experience and lessons learnt?",TI-DSP,The assessor is looking for evidence that the company adapts its offset anti-corruption procedures in the light of any experience with corruption incidences.,2,2,The company carries out evaluation of all its offset contracts after completion of the contract,NO,1,1,The company carries out ad hoc post-completion evaluation of selected offset contracts.,NO,0,0,There is no evidence of any such evaluation.,NO,No score,No score,,YES,,,,
# 29,# Other comments,,,,,,,,,,,,,,,,,,,,,,
TIDSP.RiskManagement.B29,Are there any additional comments that the company would like to add on its approach to risk assessment that has not been covered?,TI-DSP,,,,,,,,,,,,,,No score,No score,,YES,,,,
# 30-42,# Company Policies and Codes,,,,,,,,,,,,,,,,,,,,,,
# 30-37,# Policies,,,,,,,,,,,,,,,,,,,,,,
TIDSP.PolicyCodes.B30,"Is the anti-corruption policy [or code of conduct as it relates to corruption] distributed to vendors, suppliers and intermediaries?",TI-DSP,"The assessor is looking for evidence that the company ensures that its supply chain is aware of and has a written form of the companys anti-corruption policy.  It is noted and accepted that some companies use the terms policy or code interchangeably. The question is aimed at a formal and written distribution to suppliers, vendors and intermediaries, not the title under which this distribution takes place.",2,2,"The company distributes its anti-corruption policy to all of its suppliers, vendors, intermediaries, and other members of its supply chain.",NO,1,1,"The company only distributes its anti-corruption policy to selected suppliers, vendors and intermediaries. ",NO,0,0,"There is no evidence that the company distributes its anti-corruption policy to suppliers, vendors and intermediaries.",NO,No score,No score,,YES,,,,
TIDSP.PolicyCodes.B31,Is the anti-corruption policy explicitly applicable in all the countries where the company operates?,TI-DSP,"The assessor is looking for evidence that the company applies the policy in all countries in which the company operates, either because it has a physical presence in that country, because it trades in that country or because it is conducting business development by deploying agents and business development staff in that country.",2,2,The companys anti-corruption policy applies in all countries where the company operates.,NO,0,0,There is no evidence that the companys anti-corruption policy applies in all countries where the company operates.,NO,,,,,No score,No score,,YES,,,,
TIDSP.PolicyCodes.B32,Does the anti-corruption policy explicitly apply to contracted staff?,TI-DSP,"The assessor is looking for evidence that the policy applies to contracted staff (i.e., individuals signed up on short term contracts rather than through contracts of employment) and that contracted staff are aware that the policy applies to them.",2,2,The companys anti-corruption policy applies to all contracted staff in all countries.,NO,0,0,There is no evidence that the companys anti-corruption policy applies to its entire contracted staff.,NO,,,,,No score,No score,,YES,,,,
TIDSP.PolicyCodes.B33,Is the policy translated into sufficient languages such that all employees internationally understand it?,TI-DSP,"The assessor is looking for evidence that all employees have access to the policy in their own language or in a language that is easily understood by them, for example a countrys official language rather than regional variations or dialects.",2,2,The companys anti-corruption policy is translated into all official languages where the company operates.,NO,0,0,There is no evidence that the companys anti-corruption policy is translated into all relevant languages.,NO,,,,,No score,No score,,YES,,,,
TIDSP.PolicyCodes.B34,Does the company regularly refresh and change its means of communicating its anti-corruption policy to staff?,TI-DSP,"The assessor is looking for evidence that the company seeks different ways of keeping the anti-corruption message fresh in the minds of the employees.  Innovative approaches might include email reminders, newsletters, employee competitions, workplace posters, certification schemes, etc.",2,2,"Evidence of this innovation can be seen in different communication channels such as newsletters, competitions, email.",NO,0,0,No such evidence is found.,NO,,,,,No score,No score,,YES,,,,
TIDSP.PolicyCodes.B35,Is the companys anti-corruption policy or code reviewed regularly to determine if it requires updating as a result of changes in international or national laws or regulations?,TI-DSP,"The assessor is looking for evidence that the policy is updated promptly in line with changing law / regulation and is regularly reviewed, on at least an annual basis, to ensure it still complies with regulations.",2,2,The company regularly reviews its anti-corruption policy to make sure that it aligns with international and national laws and regulations on at least an annual basis.,NO,0,0,No such evidence is found.,NO,,,,,No score,No score,,YES,,,,
TIDSP.PolicyCodes.B36,Does the company require its employees periodically to re-attest to its anti-corruption policy? ,TI-DSP,The assessor is looking for evidence that employees are required to re-read and re-attest to the company policy on no longer than a 5 year cycle.,2,2,The company requires employees to re-read and re-attest to the company policy on a no longer than 5 year cycle.,NO,0,0,No such evidence is found.,NO,,,,,No score,No score,,YES,,,,
TIDSP.PolicyCodes.B37,Does the company have in place a procedure for dealing with declarations of potential conflicts of interest?,TI-DSP,"The assessor is looking for evidence that the company properly assesses and acts upon potential or actual conflicts of interest.  Note that this is distinct from the policy for declaring conflicts of interest, addressed under question A20.",2,2,The company properly assesses and acts upon potential or actual conflicts of interest.,NO,0,0,No such evidence is found.,NO,,,,,No score,No score,,YES,,,,
# 38 ,# Gifts and Hospitality,,,,,,,,,,,,,,,,,,,,,,
TIDSP.PolicyCodes.B38,Does the company require staff to keep a record of gifts and hospitality given and received?,TI-DSP,"The assessor is looking for evidence that the company recognises the need for transactions in gifts and hospitality to be recorded for audit purposes and possible use in later investigations.  This might take the form of recording a gift or incidence of hospitality if it exceeds a particular threshold value, though such a threshold should not exceed a few dollars, thereby allowing such examples as light refreshments or simple exhibition gifts of pens and stationery to be excluded.",2,2,"Yes, and it is clear that this is fully implemented",NO,1,1,"Yes, but it is not clear that this is fully implemented.",NO,0,0,No such evidence is found.,NO,No score,No score,,YES,,,,
# 39,# Facilitation Payments,,,,,,,,,,,,,,,,,,,,,,
TIDSP.PolicyCodes.B39,"Where the company permits facilitation payments, does it have a plan for phasing them out?",TI-DSP,The assessor is looking for evidence of an assessment of the companys exposure to facilitation payment demands and a plan to phase them out that addresses timescales and responsibilities.,2,2,The company has made an assessment of the companys exposure to facilitation payment demands and a plan to phase them out that addresses timescales and responsibilities,NO,0,0,No policy exists.,NO,,,,,No score,No score,,YES,,,,
# 40-41,# Political and Charitable Contributions,,,,,,,,,,,,,,,,,,,,,,
TIDSP.PolicyCodes.B40,Does the company fully disclose its political and charitable contributions?,TI-DSP,,2,2,The company fully discloses such contributions. ,NO,0,0,There is no evidence that the company discloses such contributions.,NO,,,,,No score,No score,,YES,,,,
TIDSP.PolicyCodes.B41,"Does the company make staff aware of the risk associated with corporate donations (e.g., charities, sponsorships, political) being used as a subterfuge for bribery?",TI-DSP,,2,2,The company makes staff aware of the risks associated with political and charitable donations as a vehicle for bribery.,NO,0,0,There is no evidence that the company makes staff aware of such risks.,NO,,,,,No score,No score,,YES,,,,
# 42,# Other comments,,,,,,,,,,,,,,,,,,,,,,
TIDSP.PolicyCodes.B42,Are there any additional comments that the company would like to add on its approach to company policies and codes that have not been covered?,TI-DSP,,,,,,,,,,,,,,No score,No score,,YES,,,,
# 43-52,# Training,,,,,,,,,,,,,,,,,,,,,,
# 43-50,# General Training,,,,,,,,,,,,,,,,,,,,,,
TIDSP.Training.B43,Does the company provide detailed guidance on the offer and receipt of gifts and hospitality?,TI-DSP,"An employees understanding of the limits on what can be offered and what can be received in gifts and hospitality is important in ensuring that he / she does not cross the line into unacceptable behaviour.  The assessor is looking for evidence of detailed guidance to ensure employees are properly informed of the company policy.  Such guidance could include written documents, e-training, scenario and role plays, etc. ",2,2,"Detailed guidance is provided via intranet and hardcopy, including dealing with gifts and hospitality.",NO,1,1,"Guidance is provided but falls short of the benchmark score 2 to some degree, for example through a lower level of detail or limited communication channels.",NO,0,0,There is no evidence of guidance being provided.,NO,No score,No score,,YES,,,,
TIDSP.Training.B44,Does the company provide guidance on political and charitable contributions?,TI-DSP,,2,2,"Detailed guidance on the companys political and charitable contributions policy is provided via intranet and hardcopy, within the various cultural contexts relevant to the companys business.",NO,1,1,"Guidance is provided but falls short of the benchmark score 2 to some degree, for example through a lower level of detail or limited communication channels.",NO,0,0,There is no evidence of guidance being provided.,NO,No score,No score,,YES,,,,
TIDSP.Training.B45,Does the company provide guidance on the handling of demands for facilitation payments?,TI-DSP,"Demands for facilitation payments may be accompanied by threats that impact project performance, sales opportunities, personal safety, etc.  The assessor is looking for evidence that the company provides unambiguous guidance on its attitude to such demands (personal safety is paramount, sales opportunities must be sacrificed) and how to handle such demands.",2,2,Detailed and unambiguous guidance is provided.,NO,0,0,There is no evidence of guidance being provided.,NO,,,,,No score,No score,,YES,,,,
TIDSP.Training.B46,Are all employees required to undertake anti-corruption training within the first three months of their career with the company?,TI-DSP,,2,2,Employees undertake anti-corruption training within the first three months of their career in the company.,NO,0,0,There is no such policy,NO,,,,,No score,No score,,YES,,,,
TIDSP.Training.B47,Does the company ensure that employees receive continuing anti-corruption training?,TI-DSP,"The assessor is looking for evidence of continuing anti-corruption training throughout an employees career, regardless of seniority, and that this is supported by a formal system for tracking this training.",2,2,The company ensures continuing anti-corruption training and has a formal system in place.,NO,0,0,There is no evidence of continuing training.,NO,,,,,No score,No score,,YES,,,,
TIDSP.Training.B48,Does the companys anti-corruption training programme provide guidance on handling specific situations?,TI-DSP,"Effective anti-corruption training will ensure that specific situations that may lead to corrupt behaviour are fully explained and illustrated during training.  The assessor is looking for evidence of such guidance, for example, in the form of scenario-based training modules, role play exercises, presentations by experts, or other similar approaches.",2,2,"The training covers specific situations for example using scenario-based training modules. They may also use:  role play, presentations by experts, or similar approaches.",NO,1,1,"Training is given, but limited in scope or the training delivery is not informative",NO,0,0,"No such training or guidance is given, or is so high level as to be ineffective.",NO,No score,No score,,YES,,,,
TIDSP.Training.B49,Are the anti-corruption training courses and any associated guidance material provided in all the relevant languages for the countries in which the company operates?,TI-DSP,,2,2,The company provides the course and associated guidance material in all relevant languages.,NO,0,0,There is no such policy,NO,,,,,No score,No score,,YES,,,,
TIDSP.Training.B50,Is training on the companys anti-corruption stance and policies provided to agents and similar business partners? ,TI-DSP,"The assessor is looking for evidence that the company provides such training directly or insists that the partner undertakes such training through an agreed and recognised training body.  For example, a company may require its agents and similar business partners to attend its in-house anti-corruption training or provide a tailored anti-corruption training programme depending on the assessed level of risk for the contractor.",2,2,"The company provides training on its anti-corruption stance and policies to agents and business partners, or insists that the party undertakes training through a recognised training body.",NO,1,1,"The company provides an anti-corruption training programme though this fall short of score 2 in some regard, for example by applying this to selected third parties only.",NO,0,0,No effective training programme exists.  ,NO,No score,No score,,YES,,,,
# 51,# Specialist Training,,,,,,,,,,,,,,,,,,,,,,
TIDSP.Training.B51,DoDoes the company provide appropriate detailed anti-corruption training for staff responsible for its Integrity Building and Anti-Corruption (IBAC) policy and programme?,TI-DSP,"The assessor is looking for evidence that employees responsible for implementing, monitoring, and advising on the companys IBAC policy and programme are provided with specific training to give them the skills and knowledge for this task.  This may include methods such as scenario-based training and / or talks by experts in the field.",2,2,"The company provides a comprehensive anti-corruption training programme for employees responsible for implementing, monitoring, and advising on the companys IBAC policy and programme to give them the skills and knowledge for this task ",NO,0,0,No such training programme exists  ,NO,,,,,No score,No score,,YES,,,,
# 52,# Other comments,,,,,,,,,,,,,,,,,,,,,,
TIDSP.Training.B52,Are there any additional comments that the company would like to add on its approach to training that have not been covered?,TI-DSP,,,,,,,,,,,,,,No score,No score,,YES,,,,
# 53-58,# Personnel and Helplines,,,,,,,,,,,,,,,,,,,,,,
# 53-54,# Personnel and Discipline,,,,,,,,,,,,,,,,,,,,,,
TIDSP.PersonnelandHelplines.B53,Is attention to compliance and support of corporate compliance efforts considered in performance reviews or recommendations for management promotions?,TI-DSP,The assessor is looking for evidence that employees are encouraged to take the companys compliance and compliance programmes seriously and that their contribution is appropriately recognised when considering promotions.,2,2,Employees are encouraged to take the companys compliance and compliance programmes seriously and that their contribution is appropriately recognised when considering promotions.,NO,0,0,There is no evidence of such encouragement.  ,NO,,,,,No score,No score,,YES,,,,
TIDSP.PersonnelandHelplines.B54,Does the company conduct employee surveys regarding its Integrity Building and Anti-Corruption (IBAC) efforts?,TI-DSP,Employee surveys provide excellent feedback on staff attitudes and the degree to which the IBAC message is understood by the work force.  The assessor is looking for evidence of such surveys and the process by which the company assesses and acts upon such survey results. The assessor is also looking for evidence that the company measures changes in attitudes over time and makes changes in their strategy accordingly.,2,2,Employees are formally surveyed on the companys IBAC efforts and the company has a formal process to act on these results.,NO,1,1,The company surveys employees on its IBAC efforts but it does not have a formal policy for acting on these results.,NO,0,0,The company does not survey its employees on its IBAC efforts.  ,NO,No score,No score,,YES,,,,
# 55-57,# Helplines and Whistleblowers,,,,,,,,,,,,,,,,,,,,,,
TIDSP.PersonnelandHelplines.B55,Does the company have a formal process for investigating and reporting employee-reported instances of suspected corrupt activity?,TI-DSP,"The assessor is looking for evidence of a formal process of investigation and reporting, including target timescales for such investigations and providing feedback to the employee that raised the initial report.",2,2,"There is a formal process of investigation and feedback is provided to the caller promptly, e.g., within one month",NO,0,0,There is no such formal process of investigation and no associated commitment to report back to the caller.,NO,,,,,No score,No score,,YES,,,,
TIDSP.PersonnelandHelplines.B56,"Does the company monitor the performance and well-being of employees who have reported corruption, in order to ensure that they are not experiencing retaliation?  ",TI-DSP,"The assessor is looking for evidence of a formal process of monitoring, reporting and follow-up when necessary, including disciplinary measures when necessary. One of the most influential factors in company integrity is employee willingness to report misconduct, and low likelihood of retaliation for having done so. ",2,2,The company has a formal policy in place for following up and checking in on employees ,NO,0,0,There is no associated commitment to monitoring the employees.,NO,,,,,No score,No score,,YES,,,,
TIDSP.PersonnelandHelplines.B57,Does the company extend its corruption reporting channels to employees of third party organisations with whom it does business?,TI-DSP,"The assessor is looking for evidence that the companys reporting channels are extended outside the immediate company to such parties as agents and intermediaries, resellers and distributors, suppliers and sub-contractors, on-site contract staff, business partners, etc.",2,2,"The company extends its reporting channels to such parties as agents and intermediaries, resellers and distributors, suppliers and sub-contractors, on-site contract staff, business partners, etc.",NO,0,0,The company does not extend its reporting channels outside the immediate company staff.,NO,,,,,No score,No score,,YES,,,,
# 58,# Other comments,,,,,,,,,,,,,,,,,,,,,,
TIDSP.PersonnelandHelplines.B58,Are there any additional comments that the company would like to add on its approach to training and personnel that have not been covered?,TI-DSP,,,,,,,,,,,,,,No score,No score,,YES,,,,
# 59,# Additional comments,,,,,,,,,,,,,,,,,,,,,,
TIDSP.AdditionalComments.B59,Are there any additional comments that you would like to add that were not adequately covered by the questionnaire?,TI-DSP,,,,,,,,,,,,,,No score,No score,,YES,,,,