# SAMPLE FILE FOR INTEGER TYPE,,,,,,,
# First column starts with # will comment out the entire row.,,,,,,,
# Please make sure to enter a value/string for all columns marked as REQUIRED in the header,,,,,,,
"# In the examples below, SAMPLE-1a cannot be loaded because there are 2 defaults set for a single choice type. ",,,,,,,
# SAMPLE-1b cannot be loaded because [In Law 15] is not defined in the database;,,,,,,,
"# SAMPLE-2b cannot be loaded because we need at least 2 sets of choices, empty label field will terminate the row",,,,,,,
# Name,indicator question - REQUIRED,Reference - REQUIRED,Tip - Optional,Min Value - REQUIRED,Max - REQUIRED,CRITERIA - REQUIRED,DEFAULT Value - Optional
A19.RTI2012p1.003,"What year was the law currently in force adopted by the parliament/congress and signed by the executive OR if executive order, what year was it issued by the executive?",ArtXIX Law,,1766,2020,Put in year that law adopted,
A19.RTI2012p1.004,"If there is a previous law, please include year adopted",ArtXIX Law,,0,2020,"Put in year of previous law adopted. If none, put in 0",
A19.RTI2012p1.023,Global Integrity country score,ArtXIX Survey,,0,100,Most recent overall score from GI http://www.globalintegrity.org/report,
A19.RTI2012p1.024,Ranking in most recent transparency international survey,ArtXIX Survey,,0,100,http://cpi.transparency.org/cpi2011/results/,
A19.RTI2012p1.025,Ranking in most recent OBP survey,ArtXIX Survey,,0,100,http://internationalbudget.org/what-we-do/open-budget-survey/country-info/,
A19.RTI2012p1.026,Ranking in most recent freedom house media freedom survey,ArtXIX Survey,,0,100,http://www.freedomhouse.org/sites/default/files/Global%20and%20Regional%20Press%20Freedom%20Rankings.pdf,
A19.RTI2012p1.028,Ranking in most recent Human Development Index ,ArtXIX Survey,,0,100,http://hdr.undp.org/en/countries/,
A19.RTI2012p1.029,Ranking in most recent UN E-government index ,ArtXIX Survey,,0,100,http://www2.unpan.org/egovkb/global_reports/12report.htm,
A19.RTI2012p1.030,Ranking in most recent UN E-government participation index ,ArtXIX Survey,,0,100,http://www2.unpan.org/egovkb/global_reports/12report.htm,
A19.RTI2012p1.031,Ranking in most recent PWYF Aid transparency Index ,ArtXIX Survey,,0,100,http://www.publishwhatyoufund.org/resources/index/,
A19.RTI2012p1.032,Ranking in most recent Economist Democracy Index  ,ArtXIX Survey,,0,100,https://www.eiu.com/public/topical_report.aspx?campaignid=DemocracyIndex2011,
A19.RTI2012p1.033,Ranking in most recent IFEX media sustainability Index  ,ArtXIX Survey,,0,100,http://www.irex.org/project/media-sustainability-index-msi,
A19.RTI2012p1.034,Ranking in most recent freedom house freedomin the world survey,ArtXIX Survey,,0,100,http://www.freedomhouse.org/report-types/freedom-world,
A19.RTI2012p1.034,Population (at time of adoption of law),ArtXIX Survey,,0,1500000000,https://en.wikipedia.org/wiki/List_of_countries_by_population,
A19.RTI2012p1.034,Population (current),ArtXIX Survey,,0,1500000000,https://en.wikipedia.org/wiki/List_of_countries_by_population,