# Name,indicator question - REQUIRED,Source - REQUIRED,Tip - Optional,Choice 1 LABLE - REQUIRED,Choice 1 SCORE - REQUIRED,Choice 1  CRITERIA,Choice 1 DEFAULT,Choice 2 LABLE ,Choice 2 SCORE,Choice 2 CRITERIA,Choice 2 DEFAULT,Choice 3 LABEL- REQUIRED,Choice 3 Score - REQUIRED,CHOICE 3 Criteria,Choice 3 Default,Choice 4 Label - REQUIRED,Choice 4 SCORE - REQUIRED,Choice 4 - CRITERIA,Choice 4 - DEFAULT
A19.RTI2012p8.001,The Government began implementation of the law promptly after adoption (eg was in force how long),ArtXIX Implementation,,Promptly,5, Less than 6 months,NO,one year,3,It took one year for the law to be implemented,no,2 years,1,Two years from adoption to implemention,no,Over 2 years,0,It took over two years to implement the law from adoption ,No
A19.RTI2012p8.002,The government issued comprehensive regulations on the RTI law,ArtXIX Implementation,,YES,5,,NO,NO,0,,no,,,,,,,,
A19.RTI2012p8.003,The Government/Independent oversight body has issued comprehensive guidance on the law,ArtXIX Implementation,,YES,5,,YES,NO,0,,no,,,,,,,,
A19.RTI2012p8.004,The government/independent oversight body has provided comprehensive training to all officials who have RTI related duties and continues to do so for all new employees,ArtXIX Implementation,,YES,5,,NO,NO,0,,no,,,,,,,,
A19.RTI2012p8.005,The government keeps and provide comprehensive statistics on requests and outcomes,ArtXIX Implementation,,YES,5,,NO,NO,0,,no,,,,,,,,
A19.RTI2012p8.006,The government has set up a network of RTI officials  to facilitate sharing of information on RTI and best practices,ArtXIX Implementation,,YES,5,,NO,NO,0,,no,,,,,,,,
A19.RTI2012p8.007,Bodies respond promptly to RTI Requests (within time frames set by law or shorter),ArtXIX Implementation,"Ranking (yes, most bodies, some bodies, not really, not at all)",All bodies,5,Generally all bodies respect the timeframes set in the law,NO,Most bodies,3,Most bodies respect the timeframes for response set in the law,No,Some Bodies,1,Some bodies (less than half) respect the law,No,Few or none,0,Few or no bodies respect the time frames for law,No
A19.RTI2012p8.008,Do bodies respond helpfully to requests or do they find excuses etc not to respond,ArtXIX Implementation,,All Bodies,5,Bodies generally are helpful to requestors,NO,Most,4,Most bodies are helpful to requestors,No,Some bodies,2,Some bodies are helpful but others are not,NO,Not Helpful,0,Bodies are generally not helpful to requestors and find excuses to limit requests or not respond,NO
A19.RTI2012p8.009,Public bodies fairly consider the public interest (if applicable) when deciding on whether to release,ArtXIX Implementation,,All Bodies,5,Public bodies fairly consider the public interest (if applicable) when deciding on whether to release,NO,Most bodies,4,Most  bodies fairly consider the public interest (if applicable) when deciding on whether to release,No,Some Bodies,2,Some bodiesfairly consider the public interest but others are not,NO,Don�t not consider or not applicable,0,Bodies do not fairly consider the public interest when making decisions to release or the law does not provide for this and bodies do not decide on their own to consider it.,no
A19.RTI2012p8.010,Public bodies treat all requests equally (poor/marginalized are not ignored while rich/connected people get responses),ArtXIX Implementation,,YES,5,,NO,NO,0,,no,,,,,,,,
A19.RTI2012p8.011,Each public body keeps comprehensive statistics on requests and outcomes,ArtXIX Implementation,,YES,3,,NO,NO,0,,no,,,,,,,,
A19.RTI2012p8.012,Are fees imposed by bodies as a means to create barriers (ie asking for lots of money for requests),ArtXIX Implementation,,NO,3,Fees are imposed in a fair and consistent manner,NO,YES,0,Fees are imposed in inconsistent and arbitrary manner by public bodies to limit requests,no,,,,,,,,
A19.RTI2012p8.013,Are fees too high for most people to use?,ArtXIX Implementation,,Too High,0,Fees are too high and create a barrier for people who wish to make requests to actually do so,NO,Not too high,2,Fees are not too high or are only imposed on those who can afford it,no,,,,,,,,
A19.RTI2012p8.014,"Are the request processes considered barriers to making requests (ie complex forms, difficult locations to submit requests, routine refusals to accept requests)",ArtXIX Implementation,,Too Complex,0,"The request process is too complex (strange forms, makes you make payments in person, hard to find officer to make request)",NO,Not too Complex,3,Process to make requests is easy and does not impose difficult barriers on persons,no,,,,,,,,
A19.RTI2012p8.015,Requestors are not required to show identification before a request is accepted,ArtXIX Implementation,,YES,3,ID is required,NO,NO,0,No Id is required to make request,no,,,,,,,,
A19.RTI2012p8.016,internal reviews often result in the release of additional information (if applicable),ArtXIX Implementation,,Often,4,Internal reviews of denials often result in release of new information,NO,Sometimes,2,Internal reviews sometimes result in release of information,No,Infrequently or Never,0,Internal reviews only infrequently or never result in additional infomration being released,YES,,,,
A19.RTI2012p8.017,There are established formal mechanisms for CSO engagement with govt on RTI policy agenda have and are in force (eg joint govt/cso groups),ArtXIX Implementation,,YES,3,,NO,NO,0,,no,,,,,,,,
A19.RTI2012p8.018,The government conducts public awareness campaigns to  make the public aware of their rights,ArtXIX Implementation,,YES,3,,NO,NO,0,,no,,,,,,,,
A19.RTI2012p8.019,Is the public aware of their rights to access info from government bodies?,ArtXIX Implementation,"ranking: strong awareness (over 80 percent, good 60-80, some 40-60, poor 20-40, none, under 20%)",STRONG,5,The public according to polling is largely aware of their rights (over 80%) to obtain information from public bodies,NO,GOOD,4,The public according to polling is mostly aware of their rights (over 60-80%) to obtain information from public bodies,NO,SOMEWHAT AWARE,2,The public according to polling is only somewhat aware of their rights (30-60%) to obtain information from public bodies,NO,Low,0,Under 30 percent of population is aware of their rights,no
A19.RTI2012p8.020,The public regularly uses their right to make requests,ArtXIX Implementation,"based on requests made, statistics from bodies, press stories of use",Often,5,The public frequently uses their right to information,NO,Some,3,Some members of the public use their right to information,No,Limited Use,0,The law is only used infrequently or not all all,NO,,,,
A19.RTI2012p8.021,Government web sites include information stipulated in law,ArtXIX Implementation,,YES,1,,NO,NO,0,,no,,,,,,,,
A19.RTI2012p8.022,Additional regulations ordering proactive release of additional information have been enacted,ArtXIX Implementation,,YES,3,,NO,NO,0,,no,,,,,,,,
A19.RTI2012p8.023,Sites are regularly updated with new information,ArtXIX Implementation,,YES,1,,NO,NO,0,,no,,,,,,,,
A19.RTI2012p8.024,Extensive data on expenditures is regularly published,ArtXIX Implementation,,YES,3,,NO,NO,0,,no,,,,,,,,
A19.RTI2012p8.025,Extensive information on procurements are published,ArtXIX Implementation,,YES,3,,NO,NO,0,,no,,,,,,,,
A19.RTI2012p8.026,Rules on open data and formats have been adopted,ArtXIX Implementation,,YES,3,,NO,NO,0,,no,,,,,,,,
A19.RTI2012p8.027,"Government bodies make information available to poor/marginalized groups using other communications techniques (eg using notice boards, radio, outreach)",ArtXIX Implementation,,YES,3,,NO,NO,0,,no,,,,,,,,
A19.RTI2012p8.028,"If there is an information commissioner or ombudsman, are they considered to be independent from government?",ArtXIX Implementation,,Independent,5,the commissioner/ombudsman etc. is considered highly independent,NO,Mostly independent,3,the commissioner/ombudsman etc. is considered generally independent,NO,not independent,0,the commissioner/ombudsman etc. is not considered independent of government,NO,,,,
A19.RTI2012p8.029,"If there is an information commissioner or ombudsman, are they considered effective?",ArtXIX Implementation,"ranking:  (highly, effective, somewhat, ineffective)",HIGHLY EFFECTIVE,5,the commissioner/ombudsman etc. is considered highly effective,NO,Effective,4,the commissioner/ombudsman etc. is considered generally effective,NO,Somewhat effective,2,the commissioner/ombudsman etc. is somewhat effective,NO,ineffective,0,the commissioner/ombudsman etc. is considered ineffective,no
A19.RTI2012p8.030,"If there is an information commissioner or ombudsman, do they have adequate resources for the caseload and work needed to do their jobs effectively?",ArtXIX Implementation,,Adequate,3,The commission/ombudsman is considered to have adequate resources to conduct its activities,NO,Low,2,The commission/ombudsman is considered to have not quite enough resources to conduct its activities,NO,Not enough,0,The commission/ombudsman is considered to such poor resources that it seriously effects their ability to effectively work,NO,,,,
A19.RTI2012p8.031,"If there is an information commissioner or ombudsman, do they have adequate powers needed to do their jobs effectively?",ArtXIX Implementation,,Adequate,3,The commission/ombudsman is considered to have adequate powers to conduct its activities,NO,Low,2,The commission/ombudsman is considered to have not quite enough powers to conduct its activities,NO,Not enough,0,The commission/ombudsman is considered to such poor powers that it seriously effects their ability to effectively work,NO,,,,
A19.RTI2012p8.033,The courts typically promptly hear and resolve cases,ArtXIX Implementation,,Promptly,3,The courts typically hear cases and promptly decide,NO,Within one year,1,The courts typically hear cases and decide within one year,NO,Long Delays,0,The courts typically take over one year to hear cases and decide ,no,,,,
A19.RTI2012p8.034,The courts typically do not defer to the executive in RTI cases,ArtXIX Implementation,,Do Not Defer,3,The Courts typically do not defer to decisions of the bodies when they withhold information,NO,Mixed deferral,1,The Courts sometimes defer to decisions of the bodies when they withhold information (eg in national security cases),NO,Mostly or also defer,0,The Courts typically defer to decisions of the bodies when they withhold information,no,,,,
A19.RTI2012p8.035,The parliament/congress has held periodic hearings on the RTI law and its effectiveness,ArtXIX Implementation,,YES,3,,NO,NO,0,,no,,,,,,,,
A19.RTI2012p8.036,Sanctions are regularly issued against officials or bodies that violate the law,ArtXIX Implementation,,YES,5,,NO,NO,0,,no,,,,,,,,